customer_id,first_name,last_name,email,state,customer_segment,signup_date
10001,Cameron,Anderson,cameron.anderson10001@example.com,NY,Consumer,2023-11-24
10002,Taylor,Anderson,taylor.anderson10002@example.com,CA,Consumer,2025-02-14
10003,Reese,Martin,reese.martin10003@example.com,NC,Corporate,2023-11-11
10004,Jamie,Johnson,jamie.johnson10004@example.com,PA,Small Business,2024-04-18
10005,Dakota,Johnson,dakota.johnson10005@example.com,NH,Small Business,2023-04-21
10006,Dakota,Wilson,dakota.wilson10006@example.com,NH,Small Business,2024-11-29
10007,Jamie,Jackson,jamie.jackson10007@example.com,MA,Small Business,2025-02-19
10008,Quinn,Taylor,quinn.taylor10008@example.com,TX,Small Business,2023-08-17
10009,Riley,Wilson,riley.wilson10009@example.com,PA,Consumer,2024-05-11
10010,Parker,Brown,parker.brown10010@example.com,NC,Consumer,2023-06-05
10011,Drew,Harris,drew.harris10011@example.com,MA,Consumer,2024-04-17
10012,Quinn,Smith,quinn.smith10012@example.com,CA,Corporate,2024-12-01
10013,Morgan,Anderson,morgan.anderson10013@example.com,FL,Corporate,2023-09-29
10014,Sam,Davis,sam.davis10014@example.com,ME,Consumer,2025-06-05
10015,Emerson,Thompson,emerson.thompson10015@example.com,NH,Small Business,2023-01-02
10016,Charlie,Robinson,charlie.robinson10016@example.com,NH,Corporate,2025-01-27
10017,Sam,Garcia,sam.garcia10017@example.com,CT,Consumer,2024-12-22
10018,Morgan,Thomas,morgan.thomas10018@example.com,NJ,Consumer,2024-05-25
10019,Charlie,Moore,charlie.moore10019@example.com,NY,Corporate,2023-10-13
10020,Alex,Jones,alex.jones10020@example.com,CT,Consumer,2025-05-20
10021,Cameron,Taylor,cameron.taylor10021@example.com,PA,Small Business,2023-01-13
10022,Riley,Brown,riley.brown10022@example.com,NH,Consumer,2024-08-30
10023,Logan,Jones,logan.jones10023@example.com,CT,Corporate,2024-05-12
10024,Charlie,Taylor,charlie.taylor10024@example.com,NY,Corporate,2025-01-02
10025,Sam,Anderson,sam.anderson10025@example.com,NY,Corporate,2023-08-26
10026,Emerson,Taylor,emerson.taylor10026@example.com,FL,Consumer,2023-04-04
10027,Logan,Wilson,logan.wilson10027@example.com,NH,Corporate,2023-12-04
10028,Dakota,Johnson,dakota.johnson10028@example.com,NJ,Small Business,2025-02-19
10029,Cameron,Wilson,cameron.wilson10029@example.com,PA,Consumer,2023-06-20
10030,Jamie,Martin,jamie.martin10030@example.com,MA,Small Business,2024-08-28
10031,Parker,Jones,parker.jones10031@example.com,PA,Consumer,2024-10-22
10032,Reese,Williams,reese.williams10032@example.com,NH,Small Business,2024-09-15
10033,Casey,Thomas,casey.thomas10033@example.com,MA,Consumer,2024-07-20
10034,Charlie,Jackson,charlie.jackson10034@example.com,CA,Consumer,2025-04-28
10035,Casey,Jackson,casey.jackson10035@example.com,CA,Consumer,2024-04-11
10036,Taylor,Taylor,taylor.taylor10036@example.com,FL,Small Business,2024-09-19
10037,Casey,Brown,casey.brown10037@example.com,CT,Consumer,2023-05-23
10038,Blake,Moore,blake.moore10038@example.com,MA,Small Business,2023-07-20
10039,Skyler,Johnson,skyler.johnson10039@example.com,NC,Consumer,2023-06-29
10040,Skyler,Martinez,skyler.martinez10040@example.com,NY,Consumer,2024-12-14
10041,Parker,Smith,parker.smith10041@example.com,MA,Consumer,2023-12-30
10042,Drew,Davis,drew.davis10042@example.com,NJ,Small Business,2024-04-23
10043,Alex,Thompson,alex.thompson10043@example.com,MA,Consumer,2024-07-18
10044,Charlie,Williams,charlie.williams10044@example.com,TX,Small Business,2024-04-15
10045,Morgan,Robinson,morgan.robinson10045@example.com,CT,Corporate,2024-01-19
10046,Jamie,Robinson,jamie.robinson10046@example.com,VA,Small Business,2024-11-22
10047,Cameron,Williams,cameron.williams10047@example.com,CT,Consumer,2024-02-21
10048,Alex,Williams,alex.williams10048@example.com,NJ,Consumer,2025-04-04
10049,Blake,Thompson,blake.thompson10049@example.com,PA,Corporate,2023-11-04
10050,Jordan,Davis,jordan.davis10050@example.com,NH,Consumer,2024-10-10
10051,Sam,White,sam.white10051@example.com,CA,Corporate,2024-11-24
10052,Drew,Thompson,drew.thompson10052@example.com,FL,Consumer,2024-01-02
10053,Cameron,Garcia,cameron.garcia10053@example.com,CA,Corporate,2023-01-01
10054,Blake,Jackson,blake.jackson10054@example.com,TX,Small Business,2023-02-13
10055,Blake,Robinson,blake.robinson10055@example.com,PA,Corporate,2025-01-08
10056,Jordan,Robinson,jordan.robinson10056@example.com,TX,Consumer,2025-04-22
10057,Riley,Garcia,riley.garcia10057@example.com,MA,Small Business,2023-04-08
10058,Reese,Brown,reese.brown10058@example.com,NH,Consumer,2024-12-20
10059,Riley,Smith,riley.smith10059@example.com,MA,Consumer,2023-09-22
10060,Jordan,Garcia,jordan.garcia10060@example.com,CT,Small Business,2025-03-10
10061,Alex,Smith,alex.smith10061@example.com,NY,Corporate,2025-02-21
10062,Jamie,Jackson,jamie.jackson10062@example.com,CT,Corporate,2023-05-20
10063,Casey,Robinson,casey.robinson10063@example.com,FL,Small Business,2024-04-25
10064,Jordan,Robinson,jordan.robinson10064@example.com,NY,Consumer,2023-08-25
10065,Dakota,Taylor,dakota.taylor10065@example.com,CT,Consumer,2025-06-22
10066,Jordan,Anderson,jordan.anderson10066@example.com,PA,Small Business,2023-03-13
10067,Jamie,Moore,jamie.moore10067@example.com,NH,Consumer,2024-10-28
10068,Jordan,Moore,jordan.moore10068@example.com,FL,Consumer,2023-07-09
10069,Dakota,Jones,dakota.jones10069@example.com,MA,Consumer,2023-09-25
10070,Dakota,Smith,dakota.smith10070@example.com,CA,Consumer,2023-11-17
10071,Skyler,Thompson,skyler.thompson10071@example.com,FL,Consumer,2023-04-17
10072,Cameron,Johnson,cameron.johnson10072@example.com,NH,Consumer,2023-08-20
10073,Parker,Jackson,parker.jackson10073@example.com,MA,Consumer,2023-02-11
10074,Logan,Moore,logan.moore10074@example.com,FL,Consumer,2024-12-02
10075,Avery,Brown,avery.brown10075@example.com,NC,Corporate,2025-06-01
10076,Riley,Jones,riley.jones10076@example.com,NC,Consumer,2023-05-19
10077,Jamie,Anderson,jamie.anderson10077@example.com,FL,Consumer,2024-09-06
10078,Taylor,Martinez,taylor.martinez10078@example.com,MA,Small Business,2024-11-13
10079,Skyler,Williams,skyler.williams10079@example.com,NY,Consumer,2025-05-12
10080,Blake,Thomas,blake.thomas10080@example.com,MA,Corporate,2023-09-30
10081,Cameron,Martinez,cameron.martinez10081@example.com,TX,Small Business,2024-04-25
10082,Emerson,Martinez,emerson.martinez10082@example.com,VA,Consumer,2024-02-20
10083,Morgan,Jackson,morgan.jackson10083@example.com,CT,Consumer,2024-05-20
10084,Reese,Davis,reese.davis10084@example.com,MA,Corporate,2025-01-02
10085,Emerson,Harris,emerson.harris10085@example.com,CT,Corporate,2024-12-25
10086,Logan,Davis,logan.davis10086@example.com,CT,Consumer,2025-05-02
10087,Avery,Wilson,avery.wilson10087@example.com,NC,Small Business,2024-02-28
10088,Logan,Jones,logan.jones10088@example.com,VA,Consumer,2024-02-11
10089,Emerson,White,emerson.white10089@example.com,TX,Corporate,2024-07-21
10090,Reese,Brown,reese.brown10090@example.com,NJ,Consumer,2024-01-25
10091,Drew,Taylor,drew.taylor10091@example.com,MA,Corporate,2023-12-08
10092,Avery,Robinson,avery.robinson10092@example.com,NC,Small Business,2024-09-05
10093,Blake,Harris,blake.harris10093@example.com,FL,Small Business,2024-05-07
10094,Jordan,Garcia,jordan.garcia10094@example.com,PA,Consumer,2023-07-11
10095,Taylor,Robinson,taylor.robinson10095@example.com,FL,Consumer,2024-05-13
10096,Avery,Jackson,avery.jackson10096@example.com,NJ,Consumer,2025-04-01
10097,Parker,Wilson,parker.wilson10097@example.com,NJ,Consumer,2024-12-12
10098,Alex,Moore,alex.moore10098@example.com,NY,Consumer,2023-08-21
10099,Jamie,Martin,jamie.martin10099@example.com,MA,Small Business,2023-08-15
10100,Emerson,Martinez,emerson.martinez10100@example.com,MA,Consumer,2024-01-06
10101,Taylor,Martin,taylor.martin10101@example.com,MA,Consumer,2023-05-19
10102,Riley,Davis,riley.davis10102@example.com,VA,Corporate,2025-05-05
10103,Cameron,White,cameron.white10103@example.com,CT,Corporate,2025-03-27
10104,Emerson,White,emerson.white10104@example.com,NJ,Corporate,2023-05-29
10105,Charlie,Brown,charlie.brown10105@example.com,TX,Corporate,2023-04-25
10106,Sam,Harris,sam.harris10106@example.com,ME,Consumer,2024-03-25
10107,Skyler,Williams,skyler.williams10107@example.com,NY,Consumer,2023-03-04
10108,Casey,Jones,casey.jones10108@example.com,FL,Small Business,2023-04-14
10109,Skyler,Smith,skyler.smith10109@example.com,ME,Small Business,2025-04-30
10110,Sam,Williams,sam.williams10110@example.com,MA,Consumer,2025-05-20
10111,Parker,Harris,parker.harris10111@example.com,CT,Small Business,2024-10-29
10112,Jamie,Wilson,jamie.wilson10112@example.com,NH,Consumer,2023-09-30
10113,Avery,Brown,avery.brown10113@example.com,CA,Consumer,2023-01-06
10114,Drew,Johnson,drew.johnson10114@example.com,FL,Consumer,2023-05-27
10115,Morgan,Taylor,morgan.taylor10115@example.com,VA,Small Business,2023-07-03
10116,Casey,Brown,casey.brown10116@example.com,TX,Small Business,2023-01-28
10117,Avery,Williams,avery.williams10117@example.com,FL,Consumer,2024-07-03
10118,Drew,Johnson,drew.johnson10118@example.com,NH,Corporate,2023-04-29
10119,Logan,Thompson,logan.thompson10119@example.com,TX,Consumer,2023-10-20
10120,Logan,Robinson,logan.robinson10120@example.com,NJ,Consumer,2024-01-06
10121,Dakota,Jackson,dakota.jackson10121@example.com,FL,Corporate,2023-09-01
10122,Reese,Jones,reese.jones10122@example.com,TX,Corporate,2024-08-02
10123,Avery,Moore,avery.moore10123@example.com,CT,Corporate,2024-12-26
10124,Charlie,Miller,charlie.miller10124@example.com,MA,Small Business,2023-08-06
10125,Jamie,Jones,jamie.jones10125@example.com,ME,Small Business,2023-06-26
10126,Emerson,Taylor,emerson.taylor10126@example.com,NY,Consumer,2023-10-26
10127,Riley,Wilson,riley.wilson10127@example.com,FL,Consumer,2024-11-06
10128,Parker,Davis,parker.davis10128@example.com,TX,Consumer,2023-02-27
10129,Jordan,Davis,jordan.davis10129@example.com,MA,Consumer,2023-09-26
10130,Cameron,Miller,cameron.miller10130@example.com,NJ,Consumer,2023-11-04
10131,Dakota,Robinson,dakota.robinson10131@example.com,NY,Small Business,2024-07-23
10132,Taylor,Williams,taylor.williams10132@example.com,ME,Consumer,2023-10-15
10133,Quinn,Martinez,quinn.martinez10133@example.com,MA,Consumer,2023-04-15
10134,Taylor,Harris,taylor.harris10134@example.com,NY,Consumer,2023-08-16
10135,Charlie,Brown,charlie.brown10135@example.com,CA,Small Business,2023-09-04
10136,Sam,Thomas,sam.thomas10136@example.com,CT,Consumer,2024-11-30
10137,Avery,Miller,avery.miller10137@example.com,NJ,Corporate,2024-05-08
10138,Riley,Martinez,riley.martinez10138@example.com,NC,Consumer,2023-03-24
10139,Alex,Brown,alex.brown10139@example.com,NY,Consumer,2023-07-05
10140,Alex,Harris,alex.harris10140@example.com,CA,Small Business,2023-09-09
10141,Avery,Moore,avery.moore10141@example.com,CA,Small Business,2023-12-21
10142,Casey,Jones,casey.jones10142@example.com,ME,Consumer,2025-01-19
10143,Dakota,Jackson,dakota.jackson10143@example.com,NJ,Small Business,2025-05-21
10144,Sam,Garcia,sam.garcia10144@example.com,CT,Consumer,2024-11-26
10145,Casey,Jones,casey.jones10145@example.com,CT,Consumer,2025-03-06
10146,Morgan,Martin,morgan.martin10146@example.com,MA,Corporate,2025-06-15
10147,Riley,Martinez,riley.martinez10147@example.com,PA,Small Business,2023-07-29
10148,Reese,White,reese.white10148@example.com,NJ,Small Business,2025-03-26
10149,Skyler,Martin,skyler.martin10149@example.com,MA,Corporate,2025-03-18
10150,Drew,Harris,drew.harris10150@example.com,CT,Corporate,2024-08-31
10151,Parker,Brown,parker.brown10151@example.com,TX,Small Business,2024-03-22
10152,Sam,Davis,sam.davis10152@example.com,ME,Small Business,2024-04-04
10153,Reese,Martin,reese.martin10153@example.com,NH,Small Business,2024-04-16
10154,Dakota,Wilson,dakota.wilson10154@example.com,NJ,Small Business,2024-12-20
10155,Alex,Thompson,alex.thompson10155@example.com,CA,Small Business,2024-01-05
10156,Quinn,Martin,quinn.martin10156@example.com,ME,Small Business,2025-06-18
10157,Quinn,Taylor,quinn.taylor10157@example.com,VA,Consumer,2024-05-06
10158,Jordan,Taylor,jordan.taylor10158@example.com,FL,Corporate,2023-05-17
10159,Morgan,Johnson,morgan.johnson10159@example.com,ME,Corporate,2024-01-02
10160,Riley,Moore,riley.moore10160@example.com,NC,Consumer,2025-06-30
10161,Casey,Thompson,casey.thompson10161@example.com,NY,Small Business,2023-07-03
10162,Taylor,Anderson,taylor.anderson10162@example.com,VA,Consumer,2024-08-10
10163,Alex,Taylor,alex.taylor10163@example.com,VA,Consumer,2023-10-14
10164,Morgan,Thompson,morgan.thompson10164@example.com,NJ,Small Business,2024-04-16
10165,Emerson,Brown,emerson.brown10165@example.com,MA,Consumer,2024-01-10
10166,Jordan,Martin,jordan.martin10166@example.com,FL,Small Business,2024-10-15
10167,Casey,Robinson,casey.robinson10167@example.com,CT,Small Business,2025-01-18
10168,Taylor,Harris,taylor.harris10168@example.com,NH,Consumer,2024-06-20
10169,Drew,Jones,drew.jones10169@example.com,MA,Consumer,2024-05-25
10170,Emerson,Miller,emerson.miller10170@example.com,PA,Consumer,2025-03-12
10171,Riley,Thompson,riley.thompson10171@example.com,VA,Small Business,2024-08-01
10172,Charlie,Smith,charlie.smith10172@example.com,MA,Corporate,2023-09-07
10173,Riley,Martinez,riley.martinez10173@example.com,NJ,Small Business,2024-05-24
10174,Skyler,Brown,skyler.brown10174@example.com,ME,Consumer,2024-09-21
10175,Parker,Thompson,parker.thompson10175@example.com,VA,Small Business,2023-03-14
10176,Sam,Moore,sam.moore10176@example.com,NH,Consumer,2023-10-09
10177,Jordan,Johnson,jordan.johnson10177@example.com,NC,Small Business,2023-12-26
10178,Logan,Wilson,logan.wilson10178@example.com,NY,Consumer,2023-01-10
10179,Parker,Harris,parker.harris10179@example.com,CA,Small Business,2023-07-30
10180,Parker,Davis,parker.davis10180@example.com,NH,Consumer,2025-04-14
10181,Drew,Miller,drew.miller10181@example.com,NY,Corporate,2023-06-01
10182,Jordan,Smith,jordan.smith10182@example.com,MA,Consumer,2023-01-05
10183,Taylor,Harris,taylor.harris10183@example.com,TX,Small Business,2023-07-14
10184,Parker,Davis,parker.davis10184@example.com,TX,Corporate,2023-10-10
10185,Dakota,Thompson,dakota.thompson10185@example.com,CT,Consumer,2024-04-08
10186,Alex,Johnson,alex.johnson10186@example.com,VA,Corporate,2023-04-23
10187,Taylor,Moore,taylor.moore10187@example.com,FL,Small Business,2023-09-28
10188,Emerson,Moore,emerson.moore10188@example.com,PA,Consumer,2023-06-12
10189,Jordan,Jackson,jordan.jackson10189@example.com,NJ,Consumer,2024-04-04
10190,Drew,Miller,drew.miller10190@example.com,ME,Small Business,2023-04-15
10191,Skyler,Miller,skyler.miller10191@example.com,MA,Consumer,2024-11-23
10192,Logan,Robinson,logan.robinson10192@example.com,TX,Small Business,2024-07-09
10193,Charlie,Robinson,charlie.robinson10193@example.com,TX,Consumer,2023-10-09
10194,Sam,Williams,sam.williams10194@example.com,VA,Small Business,2024-11-17
10195,Dakota,Thompson,dakota.thompson10195@example.com,NY,Consumer,2023-06-11
10196,Blake,Thompson,blake.thompson10196@example.com,NY,Corporate,2023-12-17
10197,Casey,Thomas,casey.thomas10197@example.com,NC,Corporate,2024-03-09
10198,Parker,Martin,parker.martin10198@example.com,TX,Corporate,2025-05-01
10199,Sam,Harris,sam.harris10199@example.com,TX,Small Business,2023-05-20
10200,Logan,Jackson,logan.jackson10200@example.com,FL,Consumer,2024-04-15
10201,Taylor,Smith,taylor.smith10201@example.com,VA,Small Business,2023-05-12
10202,Alex,Thompson,alex.thompson10202@example.com,MA,Consumer,2023-03-28
10203,Emerson,Williams,emerson.williams10203@example.com,NH,Consumer,2024-11-18
10204,Dakota,Harris,dakota.harris10204@example.com,TX,Consumer,2023-07-02
10205,Jordan,Brown,jordan.brown10205@example.com,PA,Consumer,2024-01-03
10206,Jordan,Brown,jordan.brown10206@example.com,MA,Small Business,2023-05-09
10207,Taylor,Garcia,taylor.garcia10207@example.com,MA,Small Business,2023-09-03
10208,Avery,Thompson,avery.thompson10208@example.com,VA,Consumer,2024-08-23
10209,Logan,Martinez,logan.martinez10209@example.com,MA,Consumer,2024-07-31
10210,Cameron,Anderson,cameron.anderson10210@example.com,NH,Corporate,2024-10-31
10211,Riley,Robinson,riley.robinson10211@example.com,PA,Consumer,2025-06-17
10212,Drew,Williams,drew.williams10212@example.com,NC,Consumer,2024-01-13
10213,Emerson,Wilson,emerson.wilson10213@example.com,VA,Consumer,2023-05-29
10214,Alex,White,alex.white10214@example.com,ME,Small Business,2025-05-01
10215,Avery,Smith,avery.smith10215@example.com,NC,Small Business,2024-03-08
10216,Taylor,White,taylor.white10216@example.com,ME,Consumer,2024-09-19
10217,Morgan,Johnson,morgan.johnson10217@example.com,CT,Consumer,2024-12-26
10218,Logan,Brown,logan.brown10218@example.com,FL,Small Business,2024-04-13
10219,Riley,Martinez,riley.martinez10219@example.com,VA,Small Business,2024-03-21
10220,Logan,Miller,logan.miller10220@example.com,TX,Consumer,2024-04-25
10221,Taylor,Smith,taylor.smith10221@example.com,VA,Corporate,2025-06-02
10222,Reese,Thompson,reese.thompson10222@example.com,PA,Consumer,2023-10-21
10223,Emerson,Wilson,emerson.wilson10223@example.com,MA,Consumer,2025-02-03
10224,Reese,Martinez,reese.martinez10224@example.com,NY,Corporate,2023-05-23
10225,Morgan,Smith,morgan.smith10225@example.com,CT,Consumer,2023-09-07
10226,Parker,Jones,parker.jones10226@example.com,ME,Small Business,2025-05-27
10227,Blake,Martin,blake.martin10227@example.com,CA,Consumer,2023-10-29
10228,Cameron,Miller,cameron.miller10228@example.com,NY,Consumer,2023-01-25
10229,Drew,Wilson,drew.wilson10229@example.com,TX,Corporate,2025-02-27
10230,Taylor,Jackson,taylor.jackson10230@example.com,VA,Consumer,2025-06-07
10231,Quinn,Martin,quinn.martin10231@example.com,FL,Corporate,2025-06-08
10232,Logan,Williams,logan.williams10232@example.com,NJ,Consumer,2025-06-19
10233,Charlie,Martinez,charlie.martinez10233@example.com,PA,Consumer,2023-03-11
10234,Skyler,Thomas,skyler.thomas10234@example.com,NJ,Consumer,2024-09-16
10235,Alex,Martin,alex.martin10235@example.com,NH,Small Business,2025-05-24
10236,Riley,Anderson,riley.anderson10236@example.com,NC,Consumer,2023-04-22
10237,Jordan,Taylor,jordan.taylor10237@example.com,CT,Corporate,2023-12-30
10238,Reese,Robinson,reese.robinson10238@example.com,MA,Consumer,2023-10-30
10239,Riley,Brown,riley.brown10239@example.com,VA,Corporate,2024-04-15
10240,Reese,Thomas,reese.thomas10240@example.com,NH,Consumer,2023-04-01
10241,Morgan,Johnson,morgan.johnson10241@example.com,CA,Corporate,2024-06-13
10242,Avery,Martinez,avery.martinez10242@example.com,CA,Small Business,2024-10-22
10243,Taylor,Jones,taylor.jones10243@example.com,TX,Small Business,2025-01-08
10244,Skyler,Wilson,skyler.wilson10244@example.com,NY,Small Business,2024-12-26
10245,Reese,Davis,reese.davis10245@example.com,MA,Small Business,2025-05-21
10246,Emerson,White,emerson.white10246@example.com,TX,Small Business,2024-10-24
10247,Blake,Williams,blake.williams10247@example.com,NY,Consumer,2023-07-11
10248,Avery,Garcia,avery.garcia10248@example.com,CA,Consumer,2024-07-05
10249,Reese,Martin,reese.martin10249@example.com,CA,Corporate,2023-08-30
10250,Riley,Martinez,riley.martinez10250@example.com,TX,Small Business,2023-05-18
10251,Dakota,Martinez,dakota.martinez10251@example.com,CT,Small Business,2023-12-11
10252,Skyler,Garcia,skyler.garcia10252@example.com,NY,Consumer,2023-06-29
10253,Reese,Robinson,reese.robinson10253@example.com,TX,Consumer,2024-12-12
10254,Skyler,Martin,skyler.martin10254@example.com,CT,Consumer,2024-05-17
10255,Taylor,Wilson,taylor.wilson10255@example.com,NH,Small Business,2023-07-22
10256,Jamie,Smith,jamie.smith10256@example.com,PA,Consumer,2024-07-26
10257,Skyler,Thompson,skyler.thompson10257@example.com,CA,Consumer,2023-07-11
10258,Drew,Thomas,drew.thomas10258@example.com,NC,Consumer,2023-01-05
10259,Emerson,Anderson,emerson.anderson10259@example.com,PA,Consumer,2025-06-08
10260,Quinn,Jones,quinn.jones10260@example.com,MA,Small Business,2023-08-25
10261,Cameron,Thomas,cameron.thomas10261@example.com,PA,Consumer,2024-11-23
10262,Reese,Thompson,reese.thompson10262@example.com,CA,Small Business,2023-11-07
10263,Drew,Miller,drew.miller10263@example.com,NH,Consumer,2024-07-02
10264,Skyler,Smith,skyler.smith10264@example.com,NJ,Consumer,2023-02-25
10265,Logan,Jones,logan.jones10265@example.com,TX,Consumer,2024-03-18
10266,Emerson,White,emerson.white10266@example.com,NC,Consumer,2023-08-25
10267,Reese,Jones,reese.jones10267@example.com,NC,Consumer,2025-05-19
10268,Riley,Smith,riley.smith10268@example.com,NC,Consumer,2025-05-10
10269,Morgan,Garcia,morgan.garcia10269@example.com,NY,Small Business,2023-07-16
10270,Avery,Martin,avery.martin10270@example.com,CT,Consumer,2024-08-07
10271,Blake,Moore,blake.moore10271@example.com,FL,Small Business,2024-07-24
10272,Drew,Martinez,drew.martinez10272@example.com,FL,Corporate,2025-01-21
10273,Alex,Jones,alex.jones10273@example.com,TX,Small Business,2024-05-28
10274,Emerson,Johnson,emerson.johnson10274@example.com,TX,Consumer,2024-03-24
10275,Reese,Harris,reese.harris10275@example.com,NJ,Consumer,2023-12-26
10276,Sam,Davis,sam.davis10276@example.com,NJ,Consumer,2024-11-30
10277,Taylor,Brown,taylor.brown10277@example.com,FL,Consumer,2025-03-29
10278,Drew,Smith,drew.smith10278@example.com,VA,Corporate,2023-01-30
10279,Reese,Jackson,reese.jackson10279@example.com,NC,Consumer,2025-02-17
10280,Drew,Robinson,drew.robinson10280@example.com,FL,Consumer,2023-04-18
10281,Morgan,Davis,morgan.davis10281@example.com,TX,Small Business,2025-04-23
10282,Morgan,Harris,morgan.harris10282@example.com,NY,Small Business,2024-08-24
10283,Avery,White,avery.white10283@example.com,NY,Consumer,2024-12-17
10284,Jordan,Martinez,jordan.martinez10284@example.com,MA,Consumer,2025-06-09
10285,Drew,Robinson,drew.robinson10285@example.com,PA,Consumer,2024-03-20
10286,Reese,Garcia,reese.garcia10286@example.com,MA,Consumer,2025-06-11
10287,Drew,Taylor,drew.taylor10287@example.com,NJ,Consumer,2024-03-13
10288,Dakota,Moore,dakota.moore10288@example.com,PA,Consumer,2025-01-01
10289,Blake,Wilson,blake.wilson10289@example.com,CT,Consumer,2025-06-08
10290,Dakota,Taylor,dakota.taylor10290@example.com,PA,Consumer,2024-08-28
10291,Parker,Thompson,parker.thompson10291@example.com,MA,Consumer,2024-04-01
10292,Taylor,Johnson,taylor.johnson10292@example.com,MA,Consumer,2024-09-06
10293,Sam,Miller,sam.miller10293@example.com,FL,Consumer,2025-01-04
10294,Reese,Jones,reese.jones10294@example.com,NY,Small Business,2024-11-28
10295,Charlie,Moore,charlie.moore10295@example.com,NH,Small Business,2024-11-26
10296,Casey,Jones,casey.jones10296@example.com,NJ,Consumer,2024-05-09
10297,Dakota,Garcia,dakota.garcia10297@example.com,FL,Consumer,2024-11-04
10298,Emerson,Robinson,emerson.robinson10298@example.com,ME,Consumer,2023-09-04
10299,Casey,Moore,casey.moore10299@example.com,VA,Small Business,2024-06-26
10300,Taylor,Thompson,taylor.thompson10300@example.com,MA,Small Business,2024-07-17
10301,Parker,Thompson,parker.thompson10301@example.com,MA,Consumer,2025-05-06
10302,Alex,Thomas,alex.thomas10302@example.com,NJ,Corporate,2024-08-10
10303,Drew,Davis,drew.davis10303@example.com,NJ,Consumer,2025-06-15
10304,Drew,Williams,drew.williams10304@example.com,VA,Consumer,2024-03-14
10305,Morgan,Taylor,morgan.taylor10305@example.com,NC,Small Business,2023-10-05
10306,Taylor,Johnson,taylor.johnson10306@example.com,CA,Corporate,2024-07-05
10307,Blake,Williams,blake.williams10307@example.com,NJ,Small Business,2024-09-04
10308,Jordan,Martin,jordan.martin10308@example.com,CT,Small Business,2023-04-21
10309,Alex,Johnson,alex.johnson10309@example.com,FL,Consumer,2024-01-20
10310,Avery,Taylor,avery.taylor10310@example.com,CT,Small Business,2025-04-12
10311,Quinn,Miller,quinn.miller10311@example.com,NY,Consumer,2025-01-30
10312,Logan,Anderson,logan.anderson10312@example.com,MA,Corporate,2023-07-10
10313,Avery,Davis,avery.davis10313@example.com,MA,Consumer,2024-05-04
10314,Parker,Harris,parker.harris10314@example.com,CA,Small Business,2024-11-24
10315,Parker,Miller,parker.miller10315@example.com,FL,Consumer,2024-03-01
10316,Reese,Robinson,reese.robinson10316@example.com,NC,Small Business,2024-02-09
10317,Logan,Moore,logan.moore10317@example.com,NY,Consumer,2023-12-01
10318,Logan,Robinson,logan.robinson10318@example.com,NH,Small Business,2023-07-28
10319,Drew,Thomas,drew.thomas10319@example.com,NH,Consumer,2023-01-22
10320,Skyler,Martinez,skyler.martinez10320@example.com,ME,Consumer,2024-11-08
10321,Emerson,Robinson,emerson.robinson10321@example.com,PA,Consumer,2024-09-02
10322,Avery,Williams,avery.williams10322@example.com,NC,Consumer,2023-07-27
10323,Skyler,Harris,skyler.harris10323@example.com,VA,Corporate,2023-01-08
10324,Riley,Johnson,riley.johnson10324@example.com,CT,Consumer,2024-12-02
10325,Emerson,Johnson,emerson.johnson10325@example.com,CA,Corporate,2024-11-17
10326,Skyler,Williams,skyler.williams10326@example.com,NC,Consumer,2025-02-23
10327,Morgan,Miller,morgan.miller10327@example.com,PA,Consumer,2024-06-12
10328,Cameron,Harris,cameron.harris10328@example.com,PA,Small Business,2024-08-24
10329,Morgan,Taylor,morgan.taylor10329@example.com,NY,Small Business,2024-10-14
10330,Parker,Moore,parker.moore10330@example.com,ME,Consumer,2024-10-18
10331,Quinn,Smith,quinn.smith10331@example.com,NY,Consumer,2023-06-15
10332,Taylor,Martin,taylor.martin10332@example.com,FL,Small Business,2025-04-28
10333,Parker,Miller,parker.miller10333@example.com,MA,Consumer,2024-05-10
10334,Jordan,Moore,jordan.moore10334@example.com,MA,Corporate,2024-08-12
10335,Jordan,Brown,jordan.brown10335@example.com,MA,Corporate,2024-03-04
10336,Drew,Johnson,drew.johnson10336@example.com,MA,Small Business,2025-02-12
10337,Alex,Brown,alex.brown10337@example.com,TX,Consumer,2023-06-12
10338,Avery,Smith,avery.smith10338@example.com,NC,Small Business,2024-01-01
10339,Riley,Martinez,riley.martinez10339@example.com,NJ,Consumer,2024-06-09
10340,Riley,Taylor,riley.taylor10340@example.com,MA,Consumer,2023-08-27
10341,Charlie,Harris,charlie.harris10341@example.com,NJ,Consumer,2023-03-13
10342,Blake,Martinez,blake.martinez10342@example.com,NJ,Consumer,2024-03-20
10343,Parker,Martin,parker.martin10343@example.com,NH,Corporate,2024-10-16
10344,Riley,Brown,riley.brown10344@example.com,NY,Small Business,2025-04-01
10345,Avery,Johnson,avery.johnson10345@example.com,NY,Small Business,2024-05-23
10346,Skyler,Jackson,skyler.jackson10346@example.com,PA,Consumer,2025-03-05
10347,Jamie,Smith,jamie.smith10347@example.com,VA,Consumer,2023-09-26
10348,Alex,Thompson,alex.thompson10348@example.com,MA,Consumer,2025-01-22
10349,Quinn,Jackson,quinn.jackson10349@example.com,NY,Corporate,2024-02-19
10350,Blake,Brown,blake.brown10350@example.com,VA,Consumer,2023-09-02
10351,Taylor,Davis,taylor.davis10351@example.com,NJ,Corporate,2024-11-05
10352,Avery,Thompson,avery.thompson10352@example.com,TX,Consumer,2023-03-01
10353,Reese,Moore,reese.moore10353@example.com,VA,Consumer,2023-01-06
10354,Taylor,Brown,taylor.brown10354@example.com,NH,Small Business,2024-12-09
10355,Dakota,Martinez,dakota.martinez10355@example.com,MA,Consumer,2024-07-23
10356,Quinn,Smith,quinn.smith10356@example.com,VA,Corporate,2025-03-27
10357,Emerson,Taylor,emerson.taylor10357@example.com,MA,Corporate,2024-02-11
10358,Blake,Brown,blake.brown10358@example.com,PA,Consumer,2023-08-05
10359,Quinn,Moore,quinn.moore10359@example.com,CA,Consumer,2023-01-26
10360,Riley,Jackson,riley.jackson10360@example.com,PA,Small Business,2025-03-25
10361,Blake,White,blake.white10361@example.com,NY,Corporate,2023-01-05
10362,Reese,Taylor,reese.taylor10362@example.com,VA,Consumer,2024-06-15
10363,Blake,Miller,blake.miller10363@example.com,NY,Small Business,2024-01-25
10364,Avery,Martin,avery.martin10364@example.com,PA,Small Business,2024-12-10
10365,Sam,Miller,sam.miller10365@example.com,CA,Small Business,2024-07-24
10366,Emerson,Thompson,emerson.thompson10366@example.com,NY,Consumer,2024-03-23
10367,Alex,Taylor,alex.taylor10367@example.com,CA,Small Business,2025-01-23
10368,Cameron,Garcia,cameron.garcia10368@example.com,TX,Corporate,2023-05-26
10369,Blake,Garcia,blake.garcia10369@example.com,NH,Consumer,2024-01-23
10370,Jamie,Williams,jamie.williams10370@example.com,MA,Consumer,2025-02-23
10371,Sam,Robinson,sam.robinson10371@example.com,MA,Corporate,2023-09-06
10372,Drew,Harris,drew.harris10372@example.com,MA,Consumer,2024-06-09
10373,Drew,Harris,drew.harris10373@example.com,MA,Corporate,2024-04-06
10374,Casey,Brown,casey.brown10374@example.com,VA,Consumer,2023-01-13
10375,Blake,Moore,blake.moore10375@example.com,MA,Consumer,2025-06-21
10376,Drew,Martinez,drew.martinez10376@example.com,CT,Corporate,2024-01-19
10377,Blake,Thompson,blake.thompson10377@example.com,FL,Consumer,2024-07-09
10378,Skyler,Anderson,skyler.anderson10378@example.com,MA,Consumer,2025-06-05
10379,Cameron,Moore,cameron.moore10379@example.com,FL,Consumer,2024-02-03
10380,Drew,Taylor,drew.taylor10380@example.com,CT,Small Business,2023-01-19
10381,Cameron,Garcia,cameron.garcia10381@example.com,MA,Consumer,2024-07-28
10382,Quinn,Robinson,quinn.robinson10382@example.com,NC,Consumer,2024-05-05
10383,Sam,Jackson,sam.jackson10383@example.com,VA,Corporate,2025-01-20
10384,Reese,Wilson,reese.wilson10384@example.com,TX,Consumer,2024-02-23
10385,Skyler,Davis,skyler.davis10385@example.com,NC,Small Business,2023-12-03
10386,Sam,Thompson,sam.thompson10386@example.com,FL,Consumer,2024-02-23
10387,Quinn,Harris,quinn.harris10387@example.com,CT,Small Business,2024-09-03
10388,Reese,Robinson,reese.robinson10388@example.com,NH,Consumer,2024-11-05
10389,Quinn,Harris,quinn.harris10389@example.com,FL,Corporate,2023-05-02
10390,Alex,Smith,alex.smith10390@example.com,FL,Consumer,2024-03-07
10391,Avery,White,avery.white10391@example.com,CA,Consumer,2023-02-13
10392,Parker,Jones,parker.jones10392@example.com,NY,Consumer,2025-05-21
10393,Skyler,Anderson,skyler.anderson10393@example.com,NY,Consumer,2023-11-13
10394,Parker,Martin,parker.martin10394@example.com,FL,Consumer,2024-01-16
10395,Avery,Johnson,avery.johnson10395@example.com,NY,Consumer,2023-05-25
10396,Avery,Wilson,avery.wilson10396@example.com,CA,Small Business,2023-11-23
10397,Quinn,Anderson,quinn.anderson10397@example.com,TX,Consumer,2023-12-29
10398,Parker,Garcia,parker.garcia10398@example.com,NY,Consumer,2023-02-19
10399,Dakota,Williams,dakota.williams10399@example.com,FL,Small Business,2023-03-06
10400,Alex,Smith,alex.smith10400@example.com,FL,Small Business,2023-12-21
10401,Quinn,Anderson,quinn.anderson10401@example.com,MA,Consumer,2025-03-10
10402,Cameron,Martin,cameron.martin10402@example.com,TX,Consumer,2023-06-13
10403,Casey,Garcia,casey.garcia10403@example.com,NJ,Consumer,2023-05-21
10404,Avery,Martin,avery.martin10404@example.com,FL,Small Business,2025-04-05
10405,Reese,Taylor,reese.taylor10405@example.com,CT,Small Business,2023-05-08
10406,Quinn,Garcia,quinn.garcia10406@example.com,TX,Consumer,2024-02-02
10407,Logan,Miller,logan.miller10407@example.com,NY,Small Business,2025-05-29
10408,Blake,Martinez,blake.martinez10408@example.com,MA,Small Business,2024-04-07
10409,Logan,Brown,logan.brown10409@example.com,TX,Small Business,2025-01-20
10410,Emerson,Jackson,emerson.jackson10410@example.com,MA,Corporate,2025-04-15
10411,Charlie,White,charlie.white10411@example.com,CT,Consumer,2025-03-18
10412,Charlie,Williams,charlie.williams10412@example.com,CA,Consumer,2023-07-06
10413,Jordan,Taylor,jordan.taylor10413@example.com,CA,Consumer,2024-12-20
10414,Morgan,Miller,morgan.miller10414@example.com,PA,Consumer,2025-01-01
10415,Alex,Smith,alex.smith10415@example.com,VA,Consumer,2025-06-30
10416,Morgan,White,morgan.white10416@example.com,NY,Corporate,2023-07-09
10417,Charlie,Wilson,charlie.wilson10417@example.com,CT,Consumer,2024-01-23
10418,Casey,Martinez,casey.martinez10418@example.com,CT,Consumer,2024-03-04
10419,Skyler,White,skyler.white10419@example.com,VA,Consumer,2025-05-07
10420,Logan,Taylor,logan.taylor10420@example.com,FL,Corporate,2023-10-11
10421,Avery,Thompson,avery.thompson10421@example.com,FL,Consumer,2025-05-13
10422,Emerson,Moore,emerson.moore10422@example.com,FL,Consumer,2023-08-25
10423,Blake,Miller,blake.miller10423@example.com,MA,Consumer,2023-07-13
10424,Alex,Anderson,alex.anderson10424@example.com,NJ,Consumer,2023-10-14
10425,Parker,Davis,parker.davis10425@example.com,MA,Corporate,2025-02-09
10426,Skyler,Thompson,skyler.thompson10426@example.com,PA,Corporate,2025-01-27
10427,Logan,Smith,logan.smith10427@example.com,NY,Consumer,2023-05-16
10428,Drew,Jones,drew.jones10428@example.com,TX,Corporate,2025-03-02
10429,Cameron,Moore,cameron.moore10429@example.com,NY,Small Business,2025-02-21
10430,Jordan,Garcia,jordan.garcia10430@example.com,MA,Corporate,2023-06-20
10431,Drew,Johnson,drew.johnson10431@example.com,NH,Consumer,2023-06-08
10432,Jamie,Anderson,jamie.anderson10432@example.com,FL,Consumer,2023-07-20
10433,Jordan,Miller,jordan.miller10433@example.com,PA,Consumer,2024-05-01
10434,Skyler,Wilson,skyler.wilson10434@example.com,MA,Small Business,2024-07-10
10435,Sam,Brown,sam.brown10435@example.com,MA,Consumer,2025-02-14
10436,Quinn,Garcia,quinn.garcia10436@example.com,NC,Consumer,2024-08-05
10437,Jamie,Anderson,jamie.anderson10437@example.com,MA,Consumer,2024-05-18
10438,Reese,Jones,reese.jones10438@example.com,FL,Small Business,2025-05-25
10439,Charlie,Harris,charlie.harris10439@example.com,NC,Consumer,2024-01-06
10440,Skyler,Garcia,skyler.garcia10440@example.com,MA,Small Business,2023-04-13
10441,Drew,Johnson,drew.johnson10441@example.com,MA,Corporate,2023-05-05
10442,Cameron,Anderson,cameron.anderson10442@example.com,CA,Consumer,2023-11-09
10443,Taylor,Jackson,taylor.jackson10443@example.com,NY,Small Business,2025-03-08
10444,Emerson,Brown,emerson.brown10444@example.com,NY,Consumer,2024-04-02
10445,Riley,Davis,riley.davis10445@example.com,FL,Corporate,2023-08-18
10446,Jordan,Anderson,jordan.anderson10446@example.com,CA,Consumer,2024-10-19
10447,Riley,Brown,riley.brown10447@example.com,CA,Small Business,2025-05-31
10448,Taylor,Harris,taylor.harris10448@example.com,FL,Small Business,2023-07-16
10449,Dakota,Smith,dakota.smith10449@example.com,NY,Corporate,2025-06-03
10450,Avery,Williams,avery.williams10450@example.com,MA,Small Business,2025-01-02
10451,Jordan,White,jordan.white10451@example.com,FL,Consumer,2024-02-27
10452,Blake,Miller,blake.miller10452@example.com,PA,Small Business,2024-07-25
10453,Drew,Garcia,drew.garcia10453@example.com,NY,Corporate,2024-09-01
10454,Parker,Smith,parker.smith10454@example.com,TX,Consumer,2023-06-20
10455,Taylor,Miller,taylor.miller10455@example.com,MA,Consumer,2024-01-17
10456,Sam,Miller,sam.miller10456@example.com,NJ,Corporate,2023-06-22
10457,Alex,Martin,alex.martin10457@example.com,MA,Small Business,2024-10-24
10458,Quinn,Jones,quinn.jones10458@example.com,NJ,Small Business,2024-03-28
10459,Logan,Thompson,logan.thompson10459@example.com,MA,Consumer,2023-12-16
10460,Casey,Taylor,casey.taylor10460@example.com,MA,Small Business,2025-06-20
10461,Blake,Garcia,blake.garcia10461@example.com,MA,Consumer,2024-09-25
10462,Riley,Davis,riley.davis10462@example.com,VA,Small Business,2024-05-08
10463,Sam,Williams,sam.williams10463@example.com,FL,Consumer,2024-09-11
10464,Charlie,Jackson,charlie.jackson10464@example.com,PA,Small Business,2023-01-04
10465,Morgan,Harris,morgan.harris10465@example.com,CA,Corporate,2023-04-03
10466,Taylor,Robinson,taylor.robinson10466@example.com,NY,Consumer,2023-01-06
10467,Quinn,Martinez,quinn.martinez10467@example.com,CT,Corporate,2023-10-15
10468,Drew,Williams,drew.williams10468@example.com,TX,Consumer,2024-09-09
10469,Riley,Brown,riley.brown10469@example.com,ME,Corporate,2023-05-26
10470,Parker,Jones,parker.jones10470@example.com,CA,Small Business,2025-02-21
10471,Jordan,Smith,jordan.smith10471@example.com,MA,Consumer,2024-02-28
10472,Taylor,Brown,taylor.brown10472@example.com,CA,Small Business,2025-06-08
10473,Taylor,Thomas,taylor.thomas10473@example.com,MA,Corporate,2024-08-30
10474,Parker,Taylor,parker.taylor10474@example.com,TX,Consumer,2024-04-01
10475,Logan,Robinson,logan.robinson10475@example.com,NJ,Consumer,2025-01-10
10476,Drew,Jackson,drew.jackson10476@example.com,CA,Small Business,2023-07-21
10477,Avery,White,avery.white10477@example.com,MA,Small Business,2023-07-31
10478,Sam,Jones,sam.jones10478@example.com,PA,Small Business,2023-01-06
10479,Dakota,Brown,dakota.brown10479@example.com,CA,Small Business,2024-09-15
10480,Morgan,White,morgan.white10480@example.com,NJ,Consumer,2024-01-11
10481,Alex,Taylor,alex.taylor10481@example.com,VA,Small Business,2025-06-09
10482,Cameron,Thompson,cameron.thompson10482@example.com,NC,Consumer,2024-03-22
10483,Jordan,Taylor,jordan.taylor10483@example.com,NY,Consumer,2025-04-14
10484,Casey,Davis,casey.davis10484@example.com,VA,Consumer,2023-04-16
10485,Cameron,Martin,cameron.martin10485@example.com,PA,Consumer,2024-10-12
10486,Morgan,Smith,morgan.smith10486@example.com,TX,Consumer,2025-03-21
10487,Casey,Thompson,casey.thompson10487@example.com,MA,Consumer,2024-02-05
10488,Alex,Moore,alex.moore10488@example.com,CT,Small Business,2023-04-06
10489,Alex,Miller,alex.miller10489@example.com,CA,Consumer,2024-01-23
10490,Logan,Martinez,logan.martinez10490@example.com,TX,Consumer,2024-03-27
10491,Emerson,Jackson,emerson.jackson10491@example.com,NY,Consumer,2025-04-28
10492,Skyler,Williams,skyler.williams10492@example.com,PA,Consumer,2025-03-19
10493,Jamie,Davis,jamie.davis10493@example.com,CT,Consumer,2025-06-19
10494,Charlie,Moore,charlie.moore10494@example.com,NH,Consumer,2024-02-20
10495,Taylor,Jones,taylor.jones10495@example.com,NJ,Small Business,2024-12-26
10496,Sam,Taylor,sam.taylor10496@example.com,NY,Small Business,2024-05-18
10497,Logan,Thompson,logan.thompson10497@example.com,PA,Small Business,2024-03-29
10498,Sam,Thomas,sam.thomas10498@example.com,MA,Consumer,2023-10-18
10499,Blake,Martin,blake.martin10499@example.com,CA,Consumer,2024-06-17
10500,Blake,Williams,blake.williams10500@example.com,CA,Corporate,2023-07-12
10501,Riley,Moore,riley.moore10501@example.com,NC,Consumer,2023-05-30
10502,Casey,Harris,casey.harris10502@example.com,NJ,Consumer,2025-05-29
10503,Avery,Jones,avery.jones10503@example.com,CT,Consumer,2025-01-28
10504,Jordan,Jackson,jordan.jackson10504@example.com,FL,Consumer,2025-02-17
10505,Dakota,White,dakota.white10505@example.com,NC,Consumer,2025-02-01
10506,Emerson,Robinson,emerson.robinson10506@example.com,NH,Consumer,2024-05-29
10507,Parker,Harris,parker.harris10507@example.com,TX,Small Business,2024-01-28
10508,Riley,Martin,riley.martin10508@example.com,FL,Consumer,2023-11-12
10509,Alex,Jackson,alex.jackson10509@example.com,CA,Small Business,2023-03-17
10510,Morgan,Thompson,morgan.thompson10510@example.com,NC,Small Business,2024-08-21
10511,Blake,Wilson,blake.wilson10511@example.com,PA,Small Business,2023-09-27
10512,Quinn,Johnson,quinn.johnson10512@example.com,NY,Small Business,2023-08-13
10513,Charlie,Jones,charlie.jones10513@example.com,CA,Corporate,2024-06-13
10514,Casey,Miller,casey.miller10514@example.com,TX,Consumer,2023-04-23
10515,Taylor,Thomas,taylor.thomas10515@example.com,MA,Consumer,2023-09-08
10516,Sam,Garcia,sam.garcia10516@example.com,MA,Consumer,2023-08-21
10517,Quinn,Smith,quinn.smith10517@example.com,NY,Small Business,2025-04-20
10518,Morgan,Thompson,morgan.thompson10518@example.com,FL,Corporate,2025-03-01
10519,Reese,Anderson,reese.anderson10519@example.com,CA,Consumer,2024-12-14
10520,Sam,Taylor,sam.taylor10520@example.com,NH,Corporate,2023-03-24
10521,Jamie,Martinez,jamie.martinez10521@example.com,PA,Consumer,2023-05-05
10522,Skyler,White,skyler.white10522@example.com,NY,Corporate,2023-06-24
10523,Charlie,Taylor,charlie.taylor10523@example.com,CA,Consumer,2023-03-10
10524,Riley,Harris,riley.harris10524@example.com,FL,Consumer,2023-02-16
10525,Logan,Martinez,logan.martinez10525@example.com,FL,Consumer,2025-06-02
10526,Jamie,Brown,jamie.brown10526@example.com,NJ,Consumer,2023-09-13
10527,Casey,Johnson,casey.johnson10527@example.com,NY,Consumer,2024-12-27
10528,Casey,Moore,casey.moore10528@example.com,CT,Consumer,2023-01-30
10529,Jamie,Taylor,jamie.taylor10529@example.com,MA,Small Business,2023-10-08
10530,Casey,Anderson,casey.anderson10530@example.com,TX,Consumer,2023-08-25
10531,Taylor,White,taylor.white10531@example.com,FL,Consumer,2023-09-05
10532,Riley,Davis,riley.davis10532@example.com,CA,Small Business,2024-01-03
10533,Morgan,Harris,morgan.harris10533@example.com,CA,Small Business,2024-05-09
10534,Charlie,Martinez,charlie.martinez10534@example.com,PA,Consumer,2023-01-25
10535,Drew,Harris,drew.harris10535@example.com,FL,Consumer,2024-08-08
10536,Blake,Wilson,blake.wilson10536@example.com,CA,Consumer,2024-12-18
10537,Quinn,Anderson,quinn.anderson10537@example.com,TX,Consumer,2024-05-04
10538,Logan,Moore,logan.moore10538@example.com,ME,Small Business,2024-05-08
10539,Emerson,Harris,emerson.harris10539@example.com,NY,Consumer,2023-11-10
10540,Blake,Smith,blake.smith10540@example.com,NH,Consumer,2024-08-28
10541,Quinn,Smith,quinn.smith10541@example.com,CA,Small Business,2024-01-10
10542,Dakota,Martinez,dakota.martinez10542@example.com,PA,Consumer,2024-09-30
10543,Morgan,Williams,morgan.williams10543@example.com,ME,Consumer,2023-01-25
10544,Casey,Taylor,casey.taylor10544@example.com,VA,Consumer,2023-11-30
10545,Casey,Wilson,casey.wilson10545@example.com,PA,Corporate,2023-12-21
10546,Drew,Harris,drew.harris10546@example.com,NY,Consumer,2023-04-26
10547,Blake,Taylor,blake.taylor10547@example.com,MA,Small Business,2023-02-17
10548,Quinn,Smith,quinn.smith10548@example.com,VA,Consumer,2025-01-07
10549,Jordan,Garcia,jordan.garcia10549@example.com,NJ,Consumer,2025-02-16
10550,Quinn,Johnson,quinn.johnson10550@example.com,FL,Small Business,2023-04-09
10551,Skyler,Martinez,skyler.martinez10551@example.com,NJ,Corporate,2024-04-03
10552,Taylor,Jackson,taylor.jackson10552@example.com,TX,Small Business,2024-06-06
10553,Jamie,Smith,jamie.smith10553@example.com,PA,Small Business,2024-08-19
10554,Jordan,Johnson,jordan.johnson10554@example.com,PA,Corporate,2024-02-09
10555,Quinn,Martin,quinn.martin10555@example.com,TX,Consumer,2023-08-02
10556,Skyler,Harris,skyler.harris10556@example.com,NY,Consumer,2024-11-15
10557,Blake,Jackson,blake.jackson10557@example.com,NH,Small Business,2025-06-21
10558,Reese,Martin,reese.martin10558@example.com,MA,Consumer,2024-05-17
10559,Parker,Thompson,parker.thompson10559@example.com,FL,Small Business,2024-12-21
10560,Parker,Davis,parker.davis10560@example.com,PA,Corporate,2024-03-23
10561,Sam,Thompson,sam.thompson10561@example.com,NC,Consumer,2025-06-12
10562,Cameron,Davis,cameron.davis10562@example.com,ME,Consumer,2024-07-29
10563,Morgan,Jackson,morgan.jackson10563@example.com,NH,Small Business,2023-09-15
10564,Skyler,Jones,skyler.jones10564@example.com,MA,Consumer,2025-04-23
10565,Alex,Thompson,alex.thompson10565@example.com,NY,Small Business,2023-05-01
10566,Taylor,Williams,taylor.williams10566@example.com,PA,Consumer,2025-03-20
10567,Quinn,Davis,quinn.davis10567@example.com,NY,Small Business,2023-02-23
10568,Logan,Thompson,logan.thompson10568@example.com,NY,Consumer,2023-11-27
10569,Jordan,Davis,jordan.davis10569@example.com,TX,Small Business,2025-02-22
10570,Sam,Smith,sam.smith10570@example.com,NY,Consumer,2023-08-29
10571,Morgan,Thompson,morgan.thompson10571@example.com,NJ,Small Business,2025-01-24
10572,Skyler,Thompson,skyler.thompson10572@example.com,FL,Consumer,2024-06-13
10573,Blake,Anderson,blake.anderson10573@example.com,NY,Small Business,2024-04-27
10574,Taylor,Williams,taylor.williams10574@example.com,PA,Corporate,2023-07-06
10575,Charlie,Harris,charlie.harris10575@example.com,TX,Consumer,2025-05-07
10576,Avery,Anderson,avery.anderson10576@example.com,CA,Consumer,2024-10-17
10577,Skyler,Martin,skyler.martin10577@example.com,NH,Consumer,2023-09-19
10578,Casey,Moore,casey.moore10578@example.com,TX,Small Business,2023-12-30
10579,Cameron,Smith,cameron.smith10579@example.com,NJ,Small Business,2024-05-05
10580,Avery,Martin,avery.martin10580@example.com,CT,Consumer,2024-03-06
10581,Casey,Moore,casey.moore10581@example.com,NY,Consumer,2023-08-27
10582,Blake,Martinez,blake.martinez10582@example.com,CA,Consumer,2023-10-31
10583,Casey,Thomas,casey.thomas10583@example.com,NJ,Small Business,2023-10-25
10584,Morgan,Martinez,morgan.martinez10584@example.com,CT,Consumer,2023-03-17
10585,Skyler,Moore,skyler.moore10585@example.com,VA,Corporate,2024-11-30
10586,Jordan,Davis,jordan.davis10586@example.com,ME,Consumer,2023-11-29
10587,Sam,White,sam.white10587@example.com,MA,Small Business,2025-06-18
10588,Quinn,Martinez,quinn.martinez10588@example.com,NH,Consumer,2025-01-27
10589,Logan,Martinez,logan.martinez10589@example.com,NH,Consumer,2024-10-03
10590,Parker,Johnson,parker.johnson10590@example.com,NH,Small Business,2024-04-18
10591,Sam,Moore,sam.moore10591@example.com,NH,Small Business,2025-04-06
10592,Cameron,Jackson,cameron.jackson10592@example.com,VA,Corporate,2023-10-10
10593,Casey,Harris,casey.harris10593@example.com,NH,Consumer,2024-08-13
10594,Blake,Williams,blake.williams10594@example.com,NY,Consumer,2023-03-13
10595,Emerson,Anderson,emerson.anderson10595@example.com,TX,Small Business,2023-09-20
10596,Drew,White,drew.white10596@example.com,NJ,Consumer,2024-12-03
10597,Reese,Wilson,reese.wilson10597@example.com,VA,Consumer,2025-05-28
10598,Parker,Garcia,parker.garcia10598@example.com,NH,Consumer,2025-06-05
10599,Riley,Martinez,riley.martinez10599@example.com,NH,Consumer,2024-07-28
10600,Blake,Martin,blake.martin10600@example.com,MA,Corporate,2025-06-10
10601,Skyler,Johnson,skyler.johnson10601@example.com,NH,Consumer,2023-01-12
10602,Skyler,Wilson,skyler.wilson10602@example.com,CT,Consumer,2023-05-21
10603,Dakota,Miller,dakota.miller10603@example.com,NH,Consumer,2025-02-04
10604,Parker,Thomas,parker.thomas10604@example.com,MA,Consumer,2024-07-08
10605,Parker,Harris,parker.harris10605@example.com,MA,Consumer,2023-01-17
10606,Emerson,Wilson,emerson.wilson10606@example.com,NJ,Consumer,2023-03-04
10607,Riley,Brown,riley.brown10607@example.com,ME,Consumer,2023-09-10
10608,Morgan,Harris,morgan.harris10608@example.com,NY,Small Business,2024-04-09
10609,Riley,Robinson,riley.robinson10609@example.com,NJ,Consumer,2024-01-11
10610,Sam,Thompson,sam.thompson10610@example.com,NC,Consumer,2025-03-14
10611,Alex,Jackson,alex.jackson10611@example.com,MA,Corporate,2024-06-03
10612,Logan,Garcia,logan.garcia10612@example.com,FL,Small Business,2025-04-16
10613,Sam,Johnson,sam.johnson10613@example.com,VA,Consumer,2023-03-31
10614,Skyler,Jackson,skyler.jackson10614@example.com,MA,Consumer,2024-12-20
10615,Charlie,Jackson,charlie.jackson10615@example.com,TX,Consumer,2025-03-14
10616,Blake,Harris,blake.harris10616@example.com,TX,Small Business,2025-03-06
10617,Skyler,Robinson,skyler.robinson10617@example.com,MA,Corporate,2024-09-21
10618,Reese,Taylor,reese.taylor10618@example.com,CT,Small Business,2025-05-10
10619,Charlie,Williams,charlie.williams10619@example.com,FL,Consumer,2023-06-24
10620,Skyler,Martinez,skyler.martinez10620@example.com,FL,Small Business,2023-03-17
10621,Logan,Williams,logan.williams10621@example.com,NH,Consumer,2024-09-04
10622,Logan,White,logan.white10622@example.com,ME,Consumer,2024-10-24
10623,Morgan,Wilson,morgan.wilson10623@example.com,NY,Consumer,2024-02-04
10624,Cameron,Brown,cameron.brown10624@example.com,NJ,Corporate,2025-02-20
10625,Quinn,Robinson,quinn.robinson10625@example.com,PA,Consumer,2023-03-12
10626,Taylor,Anderson,taylor.anderson10626@example.com,NY,Small Business,2023-06-29
10627,Dakota,Anderson,dakota.anderson10627@example.com,NJ,Consumer,2023-05-04
10628,Drew,Anderson,drew.anderson10628@example.com,FL,Consumer,2024-01-16
10629,Avery,Johnson,avery.johnson10629@example.com,MA,Consumer,2023-10-20
10630,Emerson,Thompson,emerson.thompson10630@example.com,ME,Consumer,2025-03-07
10631,Quinn,Moore,quinn.moore10631@example.com,NC,Small Business,2023-07-14
10632,Blake,Johnson,blake.johnson10632@example.com,TX,Consumer,2025-06-29
10633,Blake,Harris,blake.harris10633@example.com,NJ,Small Business,2023-08-16
10634,Blake,Martin,blake.martin10634@example.com,NJ,Small Business,2024-03-06
10635,Alex,Brown,alex.brown10635@example.com,MA,Corporate,2024-03-11
10636,Avery,Wilson,avery.wilson10636@example.com,NY,Consumer,2025-02-25
10637,Skyler,Moore,skyler.moore10637@example.com,NJ,Consumer,2024-04-05
10638,Riley,Jones,riley.jones10638@example.com,ME,Consumer,2024-09-09
10639,Taylor,Martin,taylor.martin10639@example.com,CT,Corporate,2023-01-21
10640,Casey,Jackson,casey.jackson10640@example.com,NY,Corporate,2023-03-05
10641,Quinn,Davis,quinn.davis10641@example.com,MA,Consumer,2023-06-14
10642,Logan,Robinson,logan.robinson10642@example.com,CT,Small Business,2023-01-27
10643,Reese,Thompson,reese.thompson10643@example.com,ME,Consumer,2023-11-07
10644,Dakota,Williams,dakota.williams10644@example.com,CT,Small Business,2023-10-12
10645,Charlie,Jones,charlie.jones10645@example.com,MA,Consumer,2024-10-21
10646,Sam,Martinez,sam.martinez10646@example.com,TX,Small Business,2023-10-08
10647,Taylor,Thomas,taylor.thomas10647@example.com,PA,Consumer,2025-04-17
10648,Jamie,Davis,jamie.davis10648@example.com,VA,Small Business,2025-04-10
10649,Jamie,Moore,jamie.moore10649@example.com,FL,Small Business,2023-06-13
10650,Dakota,Miller,dakota.miller10650@example.com,NJ,Small Business,2025-06-16
10651,Parker,Thompson,parker.thompson10651@example.com,MA,Consumer,2023-08-12
10652,Jordan,Martin,jordan.martin10652@example.com,NJ,Consumer,2025-02-22
10653,Drew,Williams,drew.williams10653@example.com,PA,Consumer,2023-05-26
10654,Taylor,Brown,taylor.brown10654@example.com,FL,Consumer,2025-05-17
10655,Logan,Taylor,logan.taylor10655@example.com,NY,Consumer,2023-01-30
10656,Taylor,Jones,taylor.jones10656@example.com,NH,Corporate,2023-02-14
10657,Skyler,Taylor,skyler.taylor10657@example.com,CT,Consumer,2025-02-25
10658,Charlie,Thomas,charlie.thomas10658@example.com,NY,Consumer,2024-04-15
10659,Avery,Taylor,avery.taylor10659@example.com,VA,Consumer,2023-02-03
10660,Blake,Jackson,blake.jackson10660@example.com,PA,Consumer,2024-10-14
10661,Avery,Anderson,avery.anderson10661@example.com,NY,Small Business,2024-03-02
10662,Cameron,Martin,cameron.martin10662@example.com,CA,Consumer,2025-04-09
10663,Cameron,Wilson,cameron.wilson10663@example.com,PA,Corporate,2025-06-04
10664,Taylor,Wilson,taylor.wilson10664@example.com,ME,Consumer,2023-08-09
10665,Alex,Wilson,alex.wilson10665@example.com,MA,Corporate,2025-05-17
10666,Morgan,Jackson,morgan.jackson10666@example.com,NH,Corporate,2024-06-17
10667,Casey,Johnson,casey.johnson10667@example.com,ME,Consumer,2024-11-22
10668,Alex,Thomas,alex.thomas10668@example.com,NH,Corporate,2024-01-02
10669,Logan,Taylor,logan.taylor10669@example.com,NH,Consumer,2025-04-20
10670,Casey,Thomas,casey.thomas10670@example.com,CT,Small Business,2025-01-12
10671,Quinn,Anderson,quinn.anderson10671@example.com,NH,Consumer,2024-07-03
10672,Avery,Harris,avery.harris10672@example.com,TX,Corporate,2024-08-04
10673,Avery,Martin,avery.martin10673@example.com,MA,Corporate,2023-04-26
10674,Casey,Thompson,casey.thompson10674@example.com,NJ,Small Business,2023-08-27
10675,Drew,Johnson,drew.johnson10675@example.com,NY,Small Business,2023-12-01
10676,Alex,Garcia,alex.garcia10676@example.com,CA,Consumer,2024-03-16
10677,Morgan,Thomas,morgan.thomas10677@example.com,MA,Consumer,2023-05-28
10678,Taylor,Martinez,taylor.martinez10678@example.com,NY,Consumer,2023-01-09
10679,Jordan,Garcia,jordan.garcia10679@example.com,CA,Consumer,2023-10-15
10680,Avery,Thompson,avery.thompson10680@example.com,TX,Small Business,2024-01-23
10681,Drew,Miller,drew.miller10681@example.com,FL,Consumer,2023-02-19
10682,Jordan,Harris,jordan.harris10682@example.com,CT,Corporate,2025-04-29
10683,Reese,Williams,reese.williams10683@example.com,NH,Small Business,2024-05-31
10684,Reese,Miller,reese.miller10684@example.com,VA,Small Business,2025-05-04
10685,Morgan,Williams,morgan.williams10685@example.com,CA,Consumer,2024-09-29
10686,Riley,Smith,riley.smith10686@example.com,PA,Corporate,2024-08-09
10687,Sam,Jackson,sam.jackson10687@example.com,PA,Corporate,2024-11-07
10688,Taylor,White,taylor.white10688@example.com,CT,Consumer,2023-10-05
10689,Avery,Jackson,avery.jackson10689@example.com,FL,Small Business,2025-04-15
10690,Taylor,Brown,taylor.brown10690@example.com,NH,Small Business,2023-10-27
10691,Reese,Davis,reese.davis10691@example.com,CT,Consumer,2025-03-12
10692,Quinn,Taylor,quinn.taylor10692@example.com,NY,Consumer,2024-08-11
10693,Quinn,Davis,quinn.davis10693@example.com,NJ,Consumer,2025-03-20
10694,Jordan,Harris,jordan.harris10694@example.com,ME,Consumer,2024-10-10
10695,Quinn,Harris,quinn.harris10695@example.com,MA,Consumer,2024-09-09
10696,Skyler,Brown,skyler.brown10696@example.com,PA,Consumer,2024-08-29
10697,Riley,Miller,riley.miller10697@example.com,CT,Consumer,2023-05-15
10698,Dakota,Robinson,dakota.robinson10698@example.com,PA,Consumer,2024-08-02
10699,Jordan,Jones,jordan.jones10699@example.com,NH,Corporate,2023-05-27
10700,Avery,Robinson,avery.robinson10700@example.com,NJ,Consumer,2024-05-04
10701,Blake,Thomas,blake.thomas10701@example.com,NJ,Corporate,2024-04-22
10702,Jordan,Smith,jordan.smith10702@example.com,MA,Consumer,2023-06-08
10703,Jamie,Wilson,jamie.wilson10703@example.com,CT,Consumer,2024-01-19
10704,Dakota,Smith,dakota.smith10704@example.com,NH,Consumer,2023-06-12
10705,Riley,Jones,riley.jones10705@example.com,MA,Consumer,2024-03-16
10706,Jordan,Miller,jordan.miller10706@example.com,CA,Consumer,2025-05-02
10707,Jordan,Williams,jordan.williams10707@example.com,CT,Small Business,2023-07-08
10708,Quinn,Harris,quinn.harris10708@example.com,FL,Consumer,2024-02-19
10709,Logan,Jones,logan.jones10709@example.com,ME,Small Business,2023-12-05
10710,Jordan,White,jordan.white10710@example.com,VA,Small Business,2024-08-29
10711,Cameron,Garcia,cameron.garcia10711@example.com,FL,Consumer,2023-06-30
10712,Taylor,Martin,taylor.martin10712@example.com,PA,Consumer,2023-10-15
10713,Avery,Miller,avery.miller10713@example.com,NJ,Small Business,2025-04-13
10714,Reese,White,reese.white10714@example.com,NY,Consumer,2023-07-06
10715,Cameron,Wilson,cameron.wilson10715@example.com,NY,Consumer,2025-06-02
10716,Cameron,Davis,cameron.davis10716@example.com,CA,Corporate,2023-05-18
10717,Alex,Wilson,alex.wilson10717@example.com,FL,Consumer,2023-05-10
10718,Blake,Jackson,blake.jackson10718@example.com,CA,Small Business,2023-07-13
10719,Drew,Miller,drew.miller10719@example.com,NH,Corporate,2023-11-12
10720,Quinn,Garcia,quinn.garcia10720@example.com,NC,Consumer,2025-02-23
10721,Skyler,Johnson,skyler.johnson10721@example.com,CA,Consumer,2025-05-13
10722,Skyler,Wilson,skyler.wilson10722@example.com,NH,Consumer,2023-05-24
10723,Blake,Anderson,blake.anderson10723@example.com,MA,Consumer,2023-01-16
10724,Jamie,Smith,jamie.smith10724@example.com,NC,Consumer,2023-10-29
10725,Jamie,Miller,jamie.miller10725@example.com,PA,Small Business,2024-02-27
10726,Morgan,Martin,morgan.martin10726@example.com,FL,Consumer,2023-09-02
10727,Avery,Robinson,avery.robinson10727@example.com,NH,Consumer,2023-04-17
10728,Emerson,Thomas,emerson.thomas10728@example.com,FL,Corporate,2023-03-29
10729,Emerson,Anderson,emerson.anderson10729@example.com,NH,Small Business,2023-05-09
10730,Charlie,Taylor,charlie.taylor10730@example.com,NH,Small Business,2025-06-25
10731,Reese,Williams,reese.williams10731@example.com,NH,Consumer,2025-06-05
10732,Charlie,Jackson,charlie.jackson10732@example.com,FL,Small Business,2023-12-07
10733,Reese,Williams,reese.williams10733@example.com,VA,Consumer,2023-01-04
10734,Emerson,Harris,emerson.harris10734@example.com,NJ,Consumer,2023-11-23
10735,Logan,Martin,logan.martin10735@example.com,NY,Consumer,2024-02-14
10736,Morgan,Jackson,morgan.jackson10736@example.com,TX,Corporate,2025-05-28
10737,Quinn,Thompson,quinn.thompson10737@example.com,NY,Consumer,2023-11-02
10738,Avery,Williams,avery.williams10738@example.com,FL,Consumer,2025-06-26
10739,Charlie,Robinson,charlie.robinson10739@example.com,NY,Consumer,2024-08-29
10740,Parker,Anderson,parker.anderson10740@example.com,NY,Consumer,2024-12-21
10741,Reese,Martinez,reese.martinez10741@example.com,NJ,Small Business,2023-08-13
10742,Jordan,Anderson,jordan.anderson10742@example.com,CT,Small Business,2023-12-14
10743,Charlie,Martin,charlie.martin10743@example.com,FL,Small Business,2023-11-17
10744,Jordan,Williams,jordan.williams10744@example.com,NJ,Consumer,2024-07-12
10745,Sam,Miller,sam.miller10745@example.com,ME,Consumer,2023-06-30
10746,Drew,White,drew.white10746@example.com,TX,Consumer,2024-09-09
10747,Parker,Garcia,parker.garcia10747@example.com,NY,Consumer,2024-12-11
10748,Blake,Thompson,blake.thompson10748@example.com,PA,Consumer,2024-01-21
10749,Logan,Brown,logan.brown10749@example.com,TX,Small Business,2024-09-09
10750,Blake,Harris,blake.harris10750@example.com,VA,Consumer,2025-03-02
10751,Charlie,Anderson,charlie.anderson10751@example.com,MA,Consumer,2025-02-10
10752,Riley,Williams,riley.williams10752@example.com,CA,Consumer,2023-04-18
10753,Blake,Williams,blake.williams10753@example.com,VA,Consumer,2024-06-14
10754,Charlie,Martin,charlie.martin10754@example.com,CT,Consumer,2024-02-14
10755,Avery,Jones,avery.jones10755@example.com,NH,Corporate,2023-10-23
10756,Drew,Taylor,drew.taylor10756@example.com,FL,Small Business,2025-03-28
10757,Riley,Martinez,riley.martinez10757@example.com,PA,Corporate,2023-06-20
10758,Casey,Brown,casey.brown10758@example.com,NJ,Consumer,2023-11-27
10759,Parker,Martinez,parker.martinez10759@example.com,TX,Consumer,2024-05-07
10760,Sam,Anderson,sam.anderson10760@example.com,FL,Consumer,2023-07-14
10761,Alex,Johnson,alex.johnson10761@example.com,NH,Consumer,2023-01-12
10762,Sam,Taylor,sam.taylor10762@example.com,CT,Small Business,2023-07-14
10763,Skyler,Anderson,skyler.anderson10763@example.com,ME,Consumer,2024-05-04
10764,Drew,Robinson,drew.robinson10764@example.com,NC,Consumer,2025-03-05
10765,Jordan,Martin,jordan.martin10765@example.com,MA,Consumer,2025-05-30
10766,Parker,Martinez,parker.martinez10766@example.com,PA,Consumer,2023-07-01
10767,Morgan,Anderson,morgan.anderson10767@example.com,FL,Small Business,2025-03-27
10768,Morgan,White,morgan.white10768@example.com,TX,Consumer,2024-10-17
10769,Charlie,Johnson,charlie.johnson10769@example.com,NY,Consumer,2025-06-16
10770,Logan,Jones,logan.jones10770@example.com,FL,Consumer,2023-11-12
10771,Skyler,Jones,skyler.jones10771@example.com,MA,Consumer,2024-11-24
10772,Quinn,Martinez,quinn.martinez10772@example.com,FL,Small Business,2023-01-30
10773,Skyler,Thomas,skyler.thomas10773@example.com,NH,Corporate,2024-08-18
10774,Blake,Garcia,blake.garcia10774@example.com,NY,Corporate,2024-11-08
10775,Riley,Brown,riley.brown10775@example.com,FL,Small Business,2025-03-06
10776,Dakota,Thompson,dakota.thompson10776@example.com,NH,Consumer,2025-03-03
10777,Parker,Taylor,parker.taylor10777@example.com,ME,Small Business,2023-04-06
10778,Skyler,Robinson,skyler.robinson10778@example.com,NC,Consumer,2024-01-16
10779,Casey,Miller,casey.miller10779@example.com,NC,Consumer,2025-02-16
10780,Blake,White,blake.white10780@example.com,VA,Small Business,2024-03-19
10781,Alex,Anderson,alex.anderson10781@example.com,NC,Consumer,2023-10-25
10782,Jamie,Anderson,jamie.anderson10782@example.com,PA,Corporate,2025-03-18
10783,Logan,Garcia,logan.garcia10783@example.com,ME,Consumer,2025-01-06
10784,Sam,Garcia,sam.garcia10784@example.com,NY,Small Business,2025-04-24
10785,Quinn,Anderson,quinn.anderson10785@example.com,NH,Small Business,2023-12-27
10786,Casey,Thomas,casey.thomas10786@example.com,TX,Corporate,2024-01-09
10787,Alex,Jones,alex.jones10787@example.com,PA,Small Business,2024-07-07
10788,Parker,Moore,parker.moore10788@example.com,NY,Small Business,2023-10-30
10789,Sam,Moore,sam.moore10789@example.com,NJ,Consumer,2024-02-25
10790,Blake,Taylor,blake.taylor10790@example.com,CA,Consumer,2023-09-03
10791,Morgan,Martinez,morgan.martinez10791@example.com,NH,Consumer,2024-12-20
10792,Logan,Smith,logan.smith10792@example.com,PA,Small Business,2023-08-25
10793,Drew,Davis,drew.davis10793@example.com,NJ,Consumer,2024-06-17
10794,Emerson,Brown,emerson.brown10794@example.com,PA,Small Business,2023-07-04
10795,Skyler,Smith,skyler.smith10795@example.com,MA,Consumer,2024-04-12
10796,Skyler,Harris,skyler.harris10796@example.com,TX,Consumer,2025-01-23
10797,Parker,Wilson,parker.wilson10797@example.com,CA,Small Business,2023-12-29
10798,Casey,Thomas,casey.thomas10798@example.com,PA,Consumer,2023-10-10
10799,Jamie,Garcia,jamie.garcia10799@example.com,NC,Consumer,2024-07-06
10800,Blake,Harris,blake.harris10800@example.com,TX,Consumer,2023-12-02
10801,Casey,Thompson,casey.thompson10801@example.com,NC,Corporate,2023-06-11
10802,Dakota,White,dakota.white10802@example.com,NH,Small Business,2023-06-09
10803,Cameron,White,cameron.white10803@example.com,PA,Consumer,2024-04-18
10804,Drew,Garcia,drew.garcia10804@example.com,PA,Consumer,2024-08-23
10805,Taylor,Robinson,taylor.robinson10805@example.com,NY,Consumer,2023-11-18
10806,Logan,Garcia,logan.garcia10806@example.com,NC,Small Business,2023-01-12
10807,Dakota,Martin,dakota.martin10807@example.com,CA,Small Business,2024-02-28
10808,Charlie,Smith,charlie.smith10808@example.com,TX,Consumer,2023-03-14
10809,Reese,Anderson,reese.anderson10809@example.com,NY,Consumer,2024-08-10
10810,Taylor,Harris,taylor.harris10810@example.com,MA,Consumer,2025-05-07
10811,Parker,Thomas,parker.thomas10811@example.com,CA,Small Business,2023-07-20
10812,Drew,Wilson,drew.wilson10812@example.com,FL,Small Business,2024-06-05
10813,Cameron,Robinson,cameron.robinson10813@example.com,NH,Consumer,2025-05-13
10814,Drew,Miller,drew.miller10814@example.com,TX,Consumer,2024-05-19
10815,Quinn,Williams,quinn.williams10815@example.com,TX,Consumer,2025-01-07
10816,Charlie,Jackson,charlie.jackson10816@example.com,NJ,Corporate,2024-11-18
10817,Casey,Jackson,casey.jackson10817@example.com,PA,Consumer,2025-02-26
10818,Quinn,Johnson,quinn.johnson10818@example.com,NY,Small Business,2023-02-08
10819,Morgan,Jones,morgan.jones10819@example.com,MA,Small Business,2023-03-01
10820,Jordan,Thompson,jordan.thompson10820@example.com,CT,Consumer,2024-07-31
10821,Dakota,Miller,dakota.miller10821@example.com,FL,Consumer,2023-11-17
10822,Drew,Johnson,drew.johnson10822@example.com,MA,Consumer,2024-03-10
10823,Drew,Brown,drew.brown10823@example.com,CT,Small Business,2024-09-27
10824,Riley,Anderson,riley.anderson10824@example.com,NY,Small Business,2024-11-06
10825,Sam,Wilson,sam.wilson10825@example.com,NJ,Small Business,2024-02-12
10826,Alex,Thomas,alex.thomas10826@example.com,TX,Consumer,2024-01-21
10827,Morgan,Wilson,morgan.wilson10827@example.com,NY,Consumer,2024-11-01
10828,Quinn,Anderson,quinn.anderson10828@example.com,NY,Corporate,2024-07-22
10829,Quinn,Robinson,quinn.robinson10829@example.com,NC,Small Business,2023-03-19
10830,Quinn,Wilson,quinn.wilson10830@example.com,NY,Consumer,2023-07-13
10831,Jordan,Wilson,jordan.wilson10831@example.com,ME,Corporate,2023-10-12
10832,Drew,Thompson,drew.thompson10832@example.com,NY,Small Business,2024-06-10
10833,Avery,Robinson,avery.robinson10833@example.com,NH,Small Business,2024-06-07
10834,Cameron,Robinson,cameron.robinson10834@example.com,NH,Small Business,2024-09-04
10835,Morgan,Martin,morgan.martin10835@example.com,NJ,Small Business,2023-06-05
10836,Charlie,White,charlie.white10836@example.com,NY,Small Business,2023-12-06
10837,Taylor,Anderson,taylor.anderson10837@example.com,TX,Consumer,2023-05-05
10838,Riley,Davis,riley.davis10838@example.com,NY,Consumer,2025-05-20
10839,Parker,Martin,parker.martin10839@example.com,PA,Corporate,2023-10-07
10840,Parker,Jackson,parker.jackson10840@example.com,VA,Consumer,2025-06-24
10841,Avery,Harris,avery.harris10841@example.com,MA,Consumer,2024-09-13
10842,Alex,Martin,alex.martin10842@example.com,VA,Consumer,2025-04-25
10843,Morgan,Moore,morgan.moore10843@example.com,NH,Consumer,2025-05-18
10844,Sam,Williams,sam.williams10844@example.com,CA,Small Business,2024-10-19
10845,Taylor,Martinez,taylor.martinez10845@example.com,NH,Corporate,2024-12-28
10846,Quinn,Robinson,quinn.robinson10846@example.com,NY,Consumer,2025-06-28
10847,Blake,Jones,blake.jones10847@example.com,MA,Consumer,2024-11-04
10848,Jamie,Taylor,jamie.taylor10848@example.com,CA,Consumer,2023-05-08
10849,Parker,Thompson,parker.thompson10849@example.com,NJ,Corporate,2023-11-10
10850,Logan,Harris,logan.harris10850@example.com,PA,Small Business,2023-11-28
10851,Jamie,Wilson,jamie.wilson10851@example.com,MA,Consumer,2023-05-30
10852,Reese,Harris,reese.harris10852@example.com,FL,Small Business,2024-03-29
10853,Quinn,White,quinn.white10853@example.com,ME,Corporate,2023-02-05
10854,Casey,Robinson,casey.robinson10854@example.com,TX,Small Business,2024-11-15
10855,Riley,Davis,riley.davis10855@example.com,ME,Corporate,2024-02-24
10856,Jordan,Thomas,jordan.thomas10856@example.com,NH,Consumer,2023-01-22
10857,Blake,Thompson,blake.thompson10857@example.com,MA,Small Business,2023-07-25
10858,Morgan,Thompson,morgan.thompson10858@example.com,NJ,Consumer,2024-09-30
10859,Reese,Taylor,reese.taylor10859@example.com,PA,Small Business,2025-04-27
10860,Jamie,Martinez,jamie.martinez10860@example.com,MA,Small Business,2023-12-22
10861,Taylor,White,taylor.white10861@example.com,FL,Small Business,2024-03-15
10862,Taylor,Anderson,taylor.anderson10862@example.com,NY,Small Business,2024-12-29
10863,Logan,Johnson,logan.johnson10863@example.com,NJ,Consumer,2023-04-06
10864,Riley,Garcia,riley.garcia10864@example.com,NY,Consumer,2023-06-13
10865,Blake,Davis,blake.davis10865@example.com,NY,Corporate,2023-05-28
10866,Parker,Thomas,parker.thomas10866@example.com,PA,Corporate,2024-06-13
10867,Emerson,Johnson,emerson.johnson10867@example.com,NH,Consumer,2023-10-21
10868,Sam,Robinson,sam.robinson10868@example.com,NH,Consumer,2023-07-14
10869,Morgan,Garcia,morgan.garcia10869@example.com,TX,Consumer,2024-10-24
10870,Riley,Miller,riley.miller10870@example.com,CA,Small Business,2024-04-24
10871,Alex,Taylor,alex.taylor10871@example.com,NY,Small Business,2025-05-26
10872,Emerson,Robinson,emerson.robinson10872@example.com,CT,Consumer,2023-05-03
10873,Dakota,Harris,dakota.harris10873@example.com,VA,Consumer,2024-02-04
10874,Logan,Jones,logan.jones10874@example.com,NY,Small Business,2024-11-29
10875,Blake,Robinson,blake.robinson10875@example.com,MA,Small Business,2024-03-27
10876,Avery,Williams,avery.williams10876@example.com,NH,Consumer,2024-10-22
10877,Parker,Jones,parker.jones10877@example.com,NC,Small Business,2023-04-14
10878,Jamie,Wilson,jamie.wilson10878@example.com,VA,Consumer,2025-01-24
10879,Logan,Wilson,logan.wilson10879@example.com,MA,Consumer,2024-04-06
10880,Drew,Wilson,drew.wilson10880@example.com,ME,Consumer,2025-01-12
10881,Jordan,Thomas,jordan.thomas10881@example.com,ME,Small Business,2024-12-18
10882,Casey,Wilson,casey.wilson10882@example.com,VA,Corporate,2024-12-10
10883,Riley,Anderson,riley.anderson10883@example.com,MA,Small Business,2024-01-31
10884,Cameron,White,cameron.white10884@example.com,MA,Small Business,2025-06-30
10885,Alex,Wilson,alex.wilson10885@example.com,FL,Consumer,2023-12-03
10886,Cameron,Taylor,cameron.taylor10886@example.com,NH,Consumer,2024-08-21
10887,Emerson,Davis,emerson.davis10887@example.com,VA,Consumer,2023-05-22
10888,Parker,Thompson,parker.thompson10888@example.com,ME,Consumer,2023-11-13
10889,Dakota,Brown,dakota.brown10889@example.com,MA,Small Business,2024-12-11
10890,Dakota,Jackson,dakota.jackson10890@example.com,ME,Corporate,2024-07-11
10891,Sam,Brown,sam.brown10891@example.com,NC,Consumer,2025-03-10
10892,Morgan,Jones,morgan.jones10892@example.com,TX,Consumer,2024-06-10
10893,Quinn,Brown,quinn.brown10893@example.com,FL,Small Business,2024-07-09
10894,Cameron,Garcia,cameron.garcia10894@example.com,NY,Consumer,2024-02-05
10895,Morgan,Miller,morgan.miller10895@example.com,VA,Consumer,2024-11-11
10896,Logan,Johnson,logan.johnson10896@example.com,ME,Small Business,2023-11-06
10897,Skyler,Anderson,skyler.anderson10897@example.com,CT,Small Business,2024-05-09
10898,Drew,White,drew.white10898@example.com,TX,Consumer,2024-07-09
10899,Sam,Jones,sam.jones10899@example.com,MA,Consumer,2024-09-01
10900,Avery,Miller,avery.miller10900@example.com,MA,Small Business,2025-02-11
10901,Alex,Taylor,alex.taylor10901@example.com,ME,Consumer,2023-04-19
10902,Avery,Wilson,avery.wilson10902@example.com,MA,Consumer,2025-03-05
10903,Quinn,White,quinn.white10903@example.com,NH,Small Business,2024-01-07
10904,Morgan,Williams,morgan.williams10904@example.com,PA,Consumer,2025-05-04
10905,Avery,Thomas,avery.thomas10905@example.com,NY,Small Business,2024-09-07
10906,Taylor,Martin,taylor.martin10906@example.com,TX,Consumer,2025-02-06
10907,Drew,Thompson,drew.thompson10907@example.com,FL,Corporate,2025-06-09
10908,Jordan,Smith,jordan.smith10908@example.com,NY,Consumer,2023-07-25
10909,Jordan,Taylor,jordan.taylor10909@example.com,CT,Consumer,2025-04-26
10910,Quinn,Taylor,quinn.taylor10910@example.com,NY,Consumer,2023-02-12
10911,Logan,Johnson,logan.johnson10911@example.com,PA,Consumer,2025-05-14
10912,Parker,Moore,parker.moore10912@example.com,CT,Corporate,2023-09-02
10913,Morgan,Jackson,morgan.jackson10913@example.com,VA,Corporate,2023-10-14
10914,Avery,Martin,avery.martin10914@example.com,NY,Consumer,2023-12-21
10915,Drew,Garcia,drew.garcia10915@example.com,PA,Consumer,2025-02-23
10916,Casey,Martinez,casey.martinez10916@example.com,NY,Small Business,2024-04-20
10917,Emerson,Thomas,emerson.thomas10917@example.com,CT,Corporate,2023-03-24
10918,Charlie,Wilson,charlie.wilson10918@example.com,CA,Small Business,2023-04-20
10919,Sam,Thompson,sam.thompson10919@example.com,FL,Consumer,2023-07-09
10920,Logan,Harris,logan.harris10920@example.com,NH,Consumer,2025-03-10
10921,Drew,Taylor,drew.taylor10921@example.com,TX,Small Business,2025-06-27
10922,Blake,Harris,blake.harris10922@example.com,NJ,Consumer,2023-09-08
10923,Parker,Harris,parker.harris10923@example.com,TX,Small Business,2024-12-24
10924,Cameron,Davis,cameron.davis10924@example.com,FL,Consumer,2023-10-18
10925,Jamie,Jackson,jamie.jackson10925@example.com,NY,Small Business,2024-10-06
10926,Jamie,Thompson,jamie.thompson10926@example.com,MA,Consumer,2023-07-20
10927,Quinn,Moore,quinn.moore10927@example.com,CT,Small Business,2025-03-07
10928,Skyler,Wilson,skyler.wilson10928@example.com,PA,Consumer,2023-11-22
10929,Sam,Robinson,sam.robinson10929@example.com,VA,Small Business,2024-05-25
10930,Quinn,Garcia,quinn.garcia10930@example.com,CT,Consumer,2024-02-13
10931,Avery,Jackson,avery.jackson10931@example.com,NH,Consumer,2024-08-29
10932,Avery,Martin,avery.martin10932@example.com,FL,Consumer,2025-02-28
10933,Morgan,Moore,morgan.moore10933@example.com,CA,Consumer,2025-04-16
10934,Logan,Thomas,logan.thomas10934@example.com,NJ,Small Business,2024-05-22
10935,Sam,Thomas,sam.thomas10935@example.com,NH,Small Business,2024-12-31
10936,Sam,Miller,sam.miller10936@example.com,CT,Small Business,2024-08-23
10937,Alex,Martinez,alex.martinez10937@example.com,MA,Consumer,2023-03-13
10938,Blake,Davis,blake.davis10938@example.com,TX,Small Business,2023-09-04
10939,Logan,Williams,logan.williams10939@example.com,MA,Consumer,2024-10-02
10940,Emerson,Martin,emerson.martin10940@example.com,PA,Consumer,2024-12-24
10941,Riley,Garcia,riley.garcia10941@example.com,CT,Consumer,2025-05-04
10942,Logan,Martin,logan.martin10942@example.com,PA,Consumer,2024-08-30
10943,Drew,Davis,drew.davis10943@example.com,VA,Small Business,2024-08-09
10944,Reese,Brown,reese.brown10944@example.com,FL,Small Business,2024-07-19
10945,Charlie,Wilson,charlie.wilson10945@example.com,ME,Small Business,2023-12-10
10946,Blake,Jackson,blake.jackson10946@example.com,MA,Consumer,2023-02-23
10947,Charlie,Jackson,charlie.jackson10947@example.com,NH,Consumer,2024-12-30
10948,Casey,Thompson,casey.thompson10948@example.com,TX,Consumer,2024-06-11
10949,Emerson,Thompson,emerson.thompson10949@example.com,TX,Consumer,2024-09-02
10950,Emerson,Jones,emerson.jones10950@example.com,PA,Consumer,2024-06-15
10951,Drew,Miller,drew.miller10951@example.com,PA,Consumer,2024-07-11
10952,Sam,Martinez,sam.martinez10952@example.com,VA,Consumer,2023-07-12
10953,Alex,Jackson,alex.jackson10953@example.com,NH,Small Business,2025-06-13
10954,Charlie,White,charlie.white10954@example.com,TX,Small Business,2023-02-27
10955,Riley,Brown,riley.brown10955@example.com,NY,Corporate,2024-03-12
10956,Jordan,Davis,jordan.davis10956@example.com,NY,Corporate,2023-04-21
10957,Logan,Wilson,logan.wilson10957@example.com,NJ,Small Business,2023-05-09
10958,Reese,Jackson,reese.jackson10958@example.com,MA,Consumer,2025-04-28
10959,Casey,Miller,casey.miller10959@example.com,NH,Small Business,2024-12-06
10960,Riley,Miller,riley.miller10960@example.com,NC,Small Business,2025-05-01
10961,Riley,Williams,riley.williams10961@example.com,MA,Consumer,2023-11-22
10962,Charlie,Williams,charlie.williams10962@example.com,PA,Consumer,2023-01-08
10963,Reese,Jackson,reese.jackson10963@example.com,ME,Small Business,2023-01-29
10964,Jamie,Johnson,jamie.johnson10964@example.com,NY,Consumer,2023-04-22
10965,Reese,Martin,reese.martin10965@example.com,CT,Consumer,2024-11-03
10966,Quinn,Miller,quinn.miller10966@example.com,NY,Small Business,2023-05-11
10967,Taylor,Wilson,taylor.wilson10967@example.com,NC,Consumer,2023-07-07
10968,Riley,Wilson,riley.wilson10968@example.com,CT,Consumer,2024-11-05
10969,Avery,Miller,avery.miller10969@example.com,PA,Consumer,2024-12-09
10970,Parker,White,parker.white10970@example.com,NJ,Consumer,2024-04-19
10971,Quinn,Williams,quinn.williams10971@example.com,VA,Consumer,2023-12-30
10972,Sam,Taylor,sam.taylor10972@example.com,CA,Small Business,2023-07-23
10973,Parker,Williams,parker.williams10973@example.com,NC,Consumer,2023-07-31
10974,Alex,Thomas,alex.thomas10974@example.com,ME,Consumer,2024-09-12
10975,Blake,Thompson,blake.thompson10975@example.com,MA,Consumer,2023-10-03
10976,Dakota,Jones,dakota.jones10976@example.com,CT,Corporate,2023-03-14
10977,Sam,Robinson,sam.robinson10977@example.com,PA,Consumer,2024-11-09
10978,Quinn,Moore,quinn.moore10978@example.com,MA,Consumer,2025-02-10
10979,Charlie,Robinson,charlie.robinson10979@example.com,NJ,Corporate,2023-08-31
10980,Sam,Davis,sam.davis10980@example.com,PA,Small Business,2025-02-25
10981,Parker,Brown,parker.brown10981@example.com,CT,Consumer,2023-04-12
10982,Riley,Jackson,riley.jackson10982@example.com,FL,Small Business,2024-11-15
10983,Drew,Jackson,drew.jackson10983@example.com,MA,Consumer,2023-06-20
10984,Dakota,Taylor,dakota.taylor10984@example.com,MA,Consumer,2024-10-14
10985,Morgan,Garcia,morgan.garcia10985@example.com,NC,Consumer,2025-06-27
10986,Taylor,Thompson,taylor.thompson10986@example.com,NJ,Consumer,2023-07-07
10987,Dakota,Robinson,dakota.robinson10987@example.com,NC,Small Business,2024-03-16
10988,Parker,Robinson,parker.robinson10988@example.com,NY,Consumer,2023-03-27
10989,Sam,Jackson,sam.jackson10989@example.com,ME,Consumer,2024-04-20
10990,Casey,Thompson,casey.thompson10990@example.com,FL,Small Business,2023-02-21
10991,Charlie,Brown,charlie.brown10991@example.com,FL,Small Business,2023-04-21
10992,Skyler,Smith,skyler.smith10992@example.com,NC,Consumer,2025-05-26
10993,Riley,Smith,riley.smith10993@example.com,CT,Small Business,2025-05-03
10994,Charlie,Harris,charlie.harris10994@example.com,PA,Consumer,2023-02-12
10995,Riley,Jackson,riley.jackson10995@example.com,NY,Small Business,2023-07-30
10996,Morgan,Thompson,morgan.thompson10996@example.com,MA,Small Business,2023-07-19
10997,Parker,Wilson,parker.wilson10997@example.com,TX,Corporate,2025-03-20
10998,Skyler,Garcia,skyler.garcia10998@example.com,NH,Consumer,2025-05-07
10999,Jordan,Jackson,jordan.jackson10999@example.com,CA,Consumer,2025-01-21
11000,Blake,White,blake.white11000@example.com,NY,Consumer,2024-09-18
